Coluna,Qui2,P-valor,Graus de Liberdade,V de Cramér
Age,550.0205642782711,4.898402632214639e-110,12,0.36093612309463863
Gender,657.746227342968,8.088897293329991e-139,6,0.5581938743788853
Weight,2845.2970473420482,0.0,12,0.8209272881017432
FAVC,233.34130356133423,1.4822362082358764e-47,6,0.332469410382436
FCVC,566.9297846452117,1.2127677115503714e-113,12,0.36644223432282275
family_history_with_overweight,621.9794353945298,4.2280167944702657e-131,6,0.5428050709482624
CAEC,802.9772817566468,7.383852893286775e-159,18,0.3560794291808786
